﻿<?xml version="1.0" encoding="utf-8"?>
<ModMetaData>
  <name>Harmony</name>
  <author>Andreas Pardeike</author>
  <packageId>brrainz.harmony</packageId>
  <modVersion>2.3.5.0</modVersion>
  <url>https://github.com/pardeike/HarmonyRimWorld</url>
  <supportedVersions>
    <li>1.2</li>
    <li>1.3</li>
    <li>1.4</li>
    <li>1.5</li>
    <li>1.6</li>
  </supportedVersions>
  <loadBefore>
    <li>Ludeon.RimWorld</li>
  </loadBefore>
  <description>
  </description>
</ModMetaData>